transaction_id,account_id,transaction_date,amount,account_avg_amount,deviation_ratio,merchant_category,location,channel,is_international
2921,100108,2025-10-15 06:19:26,34236.14,3208.0346875,10.671998072028329,groceries,Delhi,ATM,1
1959,100166,2025-09-10 22:59:36,27502.61,2692.32,10.215208444761394,crypto,Pune,Online,1
1999,100161,2025-08-25 16:23:56,37713.74,3808.682820512821,9.90204272114264,luxury,Delhi,Online,1
3433,100173,2025-06-15 06:56:38,30776.06,3108.6467567567565,9.900147044081839,travel,Ahmedabad,Online,1
10072,100160,2025-07-18 02:28:04,20101.1,2116.3451612903223,9.498025354117797,groceries,Delhi,POS,1
4900,100092,2025-07-13 12:16:49,20597.48,2230.4926470588234,9.234498050087854,groceries,Bangalore,Online,1
2129,100021,2025-07-15 08:20:13,25020.04,2726.184193548387,9.177677744303127,luxury,Pune,Online,1
10154,100075,2026-01-26 07:31:59,18060.21,2069.9721875,8.724856357520503,travel,Bangalore,POS,1
1342,100285,2025-05-08 13:02:24,29476.82,3542.9751612903224,8.319793015219668,fuel,Delhi,Online,1
4065,100307,2026-01-16 09:15:34,19973.67,2509.993214285714,7.957658963506019,gambling,Ahmedabad,POS,1
5611,100177,2025-06-06 04:09:58,21649.47,2740.961818181818,7.8984938266527545,groceries,Pune,Online,1
596,100394,2025-11-15 15:38:20,21703.87,2762.2370370370368,7.857352467940639,groceries,Bangalore,ATM,1
2949,100013,2025-09-17 07:32:58,15596.21,1985.0357142857142,7.856891383746244,travel,Bangalore,Online,1
6766,100266,2025-06-27 04:23:08,23610.2,3035.7426666666665,7.77740493594758,fuel,Ahmedabad,ATM,1
278,100151,2025-06-06 19:02:54,21104.67,2780.0283870967737,7.591530395141011,luxury,Bangalore,Online,0
5449,100268,2025-05-15 10:32:58,28304.97,3736.195277777778,7.575880781273106,crypto,Pune,ATM,1
8972,100185,2025-11-21 05:34:58,18806.98,2483.613684210526,7.572425663284357,groceries,Bangalore,Online,1
6908,100046,2025-06-20 12:34:44,25571.21,3462.5805405405404,7.385015222204218,fuel,Mumbai,POS,1
4249,100028,2025-12-06 08:09:23,16273.68,2224.657272727273,7.315140268797277,groceries,Pune,ATM,1
9319,100027,2026-01-24 11:02:32,16314.97,2230.9536842105263,7.313002558263967,groceries,Delhi,POS,1
6838,100220,2025-07-29 17:15:05,16631.44,2281.4602777777777,7.289822295832213,fuel,Ahmedabad,POS,1
3044,100148,2025-12-16 11:22:07,14850.46,2066.99064516129,7.184580169612329,groceries,Delhi,POS,1
3912,100222,2025-08-14 11:45:34,12600.29,1795.2211538461538,7.0187954130356776,groceries,Bangalore,ATM,0
3260,100072,2025-08-20 07:31:53,19456.1,2779.711875,6.999322546693801,gambling,Mumbai,ATM,1
4229,100104,2026-01-01 09:30:19,12276.2,1764.7136842105263,6.956482578357725,fuel,Mumbai,ATM,1
8898,100216,2025-08-03 08:16:18,19014.76,2743.054871794872,6.93196486716943,groceries,Mumbai,Online,1
9959,100136,2025-10-13 08:34:33,16239.94,2354.2268000000004,6.898205389557199,electronics,Delhi,Online,1
10280,100340,2025-07-04 22:20:03,21632.4,3151.5270588235294,6.864100988577714,fuel,Mumbai,Online,1
952,100249,2025-05-10 17:01:36,17253.22,2531.3748275862067,6.81575079754262,groceries,Ahmedabad,Online,1
5816,100176,2025-06-21 15:18:57,19371.86,2872.172666666667,6.744671107284868,groceries,Delhi,Online,1
2438,100019,2025-08-07 00:08:36,13128.6,1963.48,6.6863935461527495,electronics,Bangalore,POS,0
3474,100062,2025-07-25 02:29:14,14201.25,2132.621212121212,6.659058776722344,groceries,Ahmedabad,POS,0
6558,100051,2025-10-03 07:51:08,15179.27,2282.79,6.649437749420666,electronics,Delhi,Online,1
5319,100125,2025-10-29 23:53:42,21983.09,3309.6275,6.6421644127624635,fuel,Mumbai,POS,1
5634,100337,2026-01-22 01:41:35,15716.5,2452.3141860465116,6.4088443843883205,groceries,Ahmedabad,Online,1
1923,100281,2025-11-06 23:36:19,14086.9,2200.4474193548385,6.401834406990837,groceries,Pune,Online,0
4960,100389,2025-08-23 00:25:01,12520.92,1959.315909090909,6.390454924550429,luxury,Ahmedabad,POS,1
9601,100100,2025-06-06 03:31:42,19112.25,2990.8806451612904,6.390174757030241,fuel,Ahmedabad,POS,1
5190,100332,2025-08-04 13:26:59,11993.77,1937.8816,6.189113927290501,gambling,Ahmedabad,ATM,1
10362,100399,2025-12-17 07:49:05,12818.9,2073.9644444444443,6.180867774439506,gambling,Delhi,ATM,1
1954,100382,2025-09-27 13:48:30,13603.75,2229.5459375,6.10157869868963,travel,Mumbai,Online,1
9020,100032,2025-12-16 19:49:47,13989.4,2294.5531818181817,6.096786124135478,travel,Mumbai,ATM,1
7930,100254,2025-08-12 19:57:24,10490.98,1727.8515384615384,6.071690632252504,fuel,Bangalore,POS,0
5882,100307,2025-10-18 10:49:09,15182.04,2509.993214285714,6.0486378662662865,electronics,Bangalore,ATM,1
10550,100008,2025-06-28 16:13:09,15818.7,2616.370810810811,6.046046659226335,groceries,Bangalore,POS,1
1585,100059,2025-11-05 12:02:24,9753.69,1615.643947368421,6.037029393689693,travel,Delhi,Online,0
5266,100178,2025-06-16 15:09:23,13063.8,2200.7459999999996,5.936078038992234,electronics,Ahmedabad,Online,1
957,100056,2025-12-02 01:43:33,20035.31,3385.5571875,5.917876701056317,fuel,Pune,Online,1
4300,100210,2025-08-21 18:15:31,14305.03,2419.310909090909,5.912853096411376,travel,Ahmedabad,ATM,1
135,100035,2025-05-27 09:43:37,11714.0,1982.4580645161288,5.908826123320349,travel,Delhi,POS,0
1370,100055,2025-09-07 03:35:01,15605.53,2646.1992307692312,5.897337516594918,fuel,Mumbai,ATM,0
10601,100107,2025-12-01 10:49:26,15970.0,2727.653333333333,5.854849589879457,groceries,Delhi,Online,1
11836,100208,2025-11-23 02:30:20,14637.66,2512.6686111111107,5.825543382550227,electronics,Pune,Online,1
2525,100354,2025-05-21 15:31:31,19158.53,3293.1753125,5.817646551423915,electronics,Mumbai,ATM,1
5391,100020,2025-06-03 08:27:54,11914.92,2061.524838709677,5.779663565663188,fuel,Mumbai,ATM,1
7278,100014,2025-11-17 05:09:48,11209.27,1947.5673333333334,5.755523728576265,electronics,Bangalore,Online,1
6395,100164,2025-07-06 09:58:44,11591.68,2020.12972972973,5.738086930462052,electronics,Mumbai,POS,1
7185,100112,2025-07-03 00:13:21,13815.23,2419.0377419354836,5.711043594113735,electronics,Ahmedabad,Online,1
11664,100353,2025-11-03 03:35:17,10446.67,1845.0585714285714,5.661972016374238,fuel,Mumbai,Online,1
2604,100134,2025-11-22 00:10:43,17162.27,3073.615172413793,5.583740656291075,fuel,Bangalore,ATM,0
6154,100191,2025-07-18 15:39:15,12247.21,2198.224193548387,5.571410794196781,groceries,Pune,ATM,0
3665,100311,2025-05-04 16:52:42,11074.1,1988.4928571428572,5.569092169590034,luxury,Pune,ATM,0
9443,100341,2025-10-19 07:33:23,10237.87,1840.0022580645161,5.564052954352967,gambling,Pune,ATM,1
10145,100159,2025-09-14 13:47:03,11699.23,2104.275238095238,5.559743225696078,fuel,Delhi,ATM,0
4380,100171,2025-10-25 07:28:07,11010.89,1986.265806451613,5.543512839135326,electronics,Bangalore,Online,1
9555,100118,2026-01-22 10:49:38,21084.97,3805.187948717949,5.541111315435546,groceries,Mumbai,ATM,1
10455,100380,2025-08-27 11:48:45,9641.51,1739.9970588235294,5.541107067456165,luxury,Ahmedabad,ATM,0
772,100028,2025-11-14 07:50:42,12317.51,2224.657272727273,5.536812411962946,groceries,Delhi,Online,1
7844,100309,2025-11-05 14:00:37,23914.79,4351.295833333334,5.49601565051024,crypto,Pune,POS,1
8909,100181,2025-10-27 21:49:41,11089.05,2039.2071052631577,5.437922401986221,groceries,Mumbai,Online,1
5479,100110,2025-09-26 06:39:56,17121.05,3157.0754166666666,5.423072857118158,groceries,Pune,ATM,0
10507,100201,2025-09-04 12:15:46,15671.52,2890.4287878787877,5.421866840559988,groceries,Pune,ATM,1
2854,100011,2026-01-08 10:16:48,10757.32,1986.8244827586207,5.414328287853551,travel,Delhi,Online,1
7360,100182,2025-10-13 23:17:39,16811.09,3105.2251515151515,5.413807108897486,luxury,Pune,POS,1
6680,100087,2025-06-23 02:54:26,8872.31,1649.4593548387097,5.37892005278758,groceries,Mumbai,Online,0
10004,100345,2026-01-16 00:56:08,11624.32,2165.5158620689654,5.367921890396109,electronics,Mumbai,Online,1
3082,100070,2025-05-12 23:44:31,9108.71,1699.2064285714284,5.3605670546208755,groceries,Mumbai,POS,1
1656,100239,2025-05-09 01:35:47,8833.73,1657.9976470588235,5.32795086631784,fuel,Bangalore,ATM,1
8735,100199,2025-12-12 15:18:50,13036.81,2451.8603999999996,5.317109408023394,travel,Pune,POS,1
3958,100290,2026-01-28 21:27:10,12045.07,2289.1388,5.261834712687583,fuel,Ahmedabad,POS,0
1021,100228,2025-08-02 16:22:32,8568.32,1629.3557142857142,5.258716635585144,groceries,Ahmedabad,Online,0
139,100257,2025-06-10 08:39:51,14159.91,2698.847037037037,5.246651553674429,groceries,Mumbai,POS,1
6157,100063,2025-10-07 22:30:09,11636.99,2219.9723529411763,5.241952668726929,luxury,Bangalore,ATM,1
9301,100085,2025-12-14 08:38:14,11415.42,2180.975,5.234090257797545,gambling,Pune,ATM,0
1792,100168,2025-09-07 02:49:21,14506.64,2793.1988888888886,5.193557844271742,groceries,Mumbai,Online,1
5824,100387,2025-10-08 05:00:08,12536.67,2416.236590909091,5.188510945976185,groceries,Mumbai,POS,1
1681,100061,2026-01-02 07:26:14,11092.58,2149.3745454545456,5.1608408704096576,gambling,Ahmedabad,POS,0
7428,100278,2025-12-05 13:59:02,11494.88,2230.154857142857,5.154296780415761,groceries,Pune,Online,1
10160,100194,2026-01-16 05:49:32,12940.69,2511.2844,5.153016520151999,travel,Bangalore,Online,1
6241,100300,2025-09-10 12:19:52,13363.0,2611.7055,5.1165799513000225,fuel,Pune,Online,1
4585,100271,2025-12-10 14:36:21,8866.64,1733.3458333333335,5.115332341353307,travel,Ahmedabad,Online,0
11981,100010,2025-12-15 18:44:46,14942.74,2925.304411764706,5.108097447877471,electronics,Pune,Online,1
5380,100209,2025-07-08 21:37:34,9287.29,1818.1885714285713,5.107990527463756,luxury,Bangalore,Online,0
10466,100201,2025-11-23 12:51:30,14748.61,2890.4287878787877,5.102568193981915,groceries,Mumbai,Online,1
981,100386,2025-08-14 13:50:47,14059.65,2757.3284848484845,5.0990116256578615,groceries,Ahmedabad,ATM,1
2127,100018,2025-09-01 21:25:10,18646.16,3689.8828000000003,5.053320392723585,groceries,Ahmedabad,ATM,1
6845,100280,2025-09-29 05:19:10,11838.77,2343.5476666666664,5.051644636201839,fuel,Bangalore,Online,1
6557,100140,2025-08-12 01:58:43,15692.94,3108.264545454546,5.04877875435313,groceries,Delhi,POS,0
4976,100039,2025-06-14 19:02:33,10877.25,2156.959361702128,5.042862741473443,electronics,Bangalore,Online,1
7721,100304,2025-05-07 13:29:46,11025.19,2191.098076923077,5.031810358522378,fuel,Pune,ATM,1
10957,100038,2025-07-09 08:49:29,15352.76,3066.7865625,5.00613906025617,groceries,Mumbai,Online,1
2194,100305,2025-05-15 17:18:51,12900.64,2582.048387096774,4.996281272058318,travel,Delhi,Online,1
7965,100018,2025-11-03 23:21:05,18414.38,3689.8828000000003,4.990505389493672,groceries,Delhi,POS,0
4534,100306,2025-10-20 01:09:06,8301.43,1665.3680952380953,4.98474182598842,groceries,Pune,Online,0
8830,100311,2025-12-06 09:56:31,9907.9,1988.4928571428572,4.982617847687947,crypto,Pune,Online,0
8414,100351,2025-06-07 09:44:48,10539.38,2117.861,4.976426687114971,fuel,Bangalore,ATM,0
6728,100379,2025-12-12 05:37:33,11483.45,2315.0197368421054,4.960411273065195,travel,Pune,ATM,0
7469,100016,2025-09-04 09:29:54,10517.62,2131.215882352941,4.9350326670746085,groceries,Pune,Online,0
490,100122,2025-11-09 03:51:07,10406.47,2109.443939393939,4.9332763984189425,electronics,Delhi,ATM,1
8995,100320,2025-05-12 12:21:12,8469.38,1720.114722222222,4.923729731850895,travel,Ahmedabad,Online,1
11306,100208,2026-01-21 10:46:12,12357.3,2512.6686111111107,4.917998316751988,groceries,Mumbai,Online,1
2270,100076,2025-05-22 13:09:21,11329.81,2308.146111111111,4.908619062484731,gambling,Delhi,POS,1
5164,100368,2025-11-13 11:18:30,10195.81,2095.288076923077,4.866065965961353,gambling,Mumbai,Online,1
2585,100154,2025-07-09 03:32:10,13320.34,2743.6277777777777,4.855009891607422,luxury,Bangalore,Online,0
11488,100043,2025-05-11 20:00:19,11452.35,2363.061111111111,4.846404498872696,fuel,Mumbai,Online,0
6836,100137,2025-10-01 21:40:52,11476.45,2375.0725,4.832041969245149,travel,Ahmedabad,Online,0
5693,100265,2025-08-21 13:59:07,10934.48,2265.971739130435,4.825514727820965,electronics,Ahmedabad,POS,0
9216,100329,2025-09-01 01:42:13,13124.05,2721.0183333333334,4.823212633015458,electronics,Ahmedabad,ATM,1
10410,100238,2025-09-16 02:28:32,11091.87,2302.4483333333333,4.817424060909076,crypto,Bangalore,Online,0
10684,100334,2025-09-11 08:07:12,13881.66,2896.072121212121,4.793271513621689,travel,Mumbai,ATM,1
10753,100310,2025-07-02 05:55:45,15401.91,3216.3633333333332,4.7886101176380365,luxury,Mumbai,Online,1
11953,100041,2025-06-30 21:24:45,9891.03,2068.7693103448273,4.781117909348404,travel,Mumbai,Online,0
6124,100064,2026-01-19 14:13:26,11760.8,2475.815,4.750274152147878,groceries,Bangalore,POS,0
8589,100374,2025-08-07 10:00:37,10576.86,2234.4483333333333,4.733544223070721,electronics,Bangalore,Online,1
4994,100045,2025-12-08 11:56:50,11101.29,2349.028076923077,4.725907752682656,luxury,Ahmedabad,Online,1
2174,100093,2026-01-26 13:52:56,12675.96,2687.404117647059,4.716804561235234,electronics,Pune,ATM,0
11708,100097,2025-10-09 20:50:46,14188.99,3014.4575,4.706979614076496,groceries,Pune,Online,0
8210,100010,2026-01-15 18:26:53,13748.7,2925.304411764706,4.699921124347542,travel,Bangalore,POS,1
7655,100184,2025-06-11 23:37:30,10579.36,2251.4928571428572,4.698820147901868,luxury,Mumbai,Online,0
4021,100260,2025-07-03 22:38:23,9208.46,1960.4962857142855,4.697004563130298,groceries,Pune,Online,1
10814,100211,2025-12-24 02:57:40,8416.97,1795.3799999999999,4.688127304526061,groceries,Pune,POS,1
3757,100035,2025-08-07 11:10:20,9293.13,1982.4580645161288,4.68768049440089,luxury,Delhi,Online,1
1100,100356,2025-05-28 14:39:50,10146.6,2171.943870967742,4.6716676870102685,groceries,Bangalore,ATM,0
2646,100096,2025-08-31 17:18:20,9197.21,1969.2920689655173,4.670312822024088,fuel,Mumbai,ATM,0
5446,100231,2025-05-30 17:45:43,11430.08,2452.8493548387096,4.659919280184086,fuel,Pune,ATM,1
6746,100167,2025-07-18 19:26:01,10911.28,2345.978076923077,4.651057956309186,groceries,Ahmedabad,POS,0
5121,100322,2025-09-04 06:43:33,14204.94,3058.49625,4.6444196228784,crypto,Delhi,Online,0
1399,100165,2025-12-30 01:18:32,8994.24,1938.1122222222223,4.64072198548301,travel,Bangalore,ATM,0
3715,100202,2025-10-21 14:57:42,11888.28,2561.7329629629626,4.6407178936596605,groceries,Delhi,Online,1
8633,100053,2025-07-04 16:54:38,12411.38,2681.8726666666666,4.62787818163875,groceries,Bangalore,POS,0
6025,100230,2026-01-05 10:02:34,11728.74,2563.7933333333335,4.57476031609412,travel,Pune,ATM,1
9806,100219,2025-08-08 15:29:06,7105.03,1553.9116666666666,4.572351281228984,travel,Mumbai,Online,1
2377,100156,2025-10-04 02:19:08,9729.44,2138.076,4.5505585395467705,groceries,Delhi,POS,1
3852,100183,2025-11-26 20:04:59,11625.14,2559.331481481481,4.542256477566842,electronics,Mumbai,POS,1
75,100310,2025-08-13 11:01:31,14591.2,3216.3633333333332,4.536552151550043,gambling,Delhi,POS,1
10895,100354,2025-11-30 23:28:29,14934.55,3293.1753125,4.5349999871894155,groceries,Delhi,Online,0
7825,100019,2025-05-16 16:29:54,8890.2,1963.48,4.527777211889095,groceries,Pune,Online,0
2126,100237,2025-06-10 19:26:02,11482.18,2545.0764285714286,4.511526597433083,electronics,Ahmedabad,ATM,1
1038,100229,2025-11-12 11:18:06,9418.77,2088.367058823529,4.510112319673351,gambling,Pune,Online,1
9329,100349,2025-12-18 22:11:09,10339.25,2293.553529411765,4.507961060168385,groceries,Bangalore,Online,1
97,100252,2025-07-07 13:33:38,5510.97,1222.636,4.50744947801308,travel,Mumbai,POS,0
10419,100054,2025-09-13 14:53:57,8860.65,1966.6,4.505567985355436,crypto,Bangalore,ATM,0
5562,100295,2025-05-07 10:22:03,13533.05,3012.0204,4.493014057939315,groceries,Bangalore,Online,1
9218,100133,2025-12-30 12:02:16,9574.33,2132.320740740741,4.490098425190012,crypto,Bangalore,Online,0
5701,100190,2025-07-23 21:40:50,9955.52,2218.0005714285717,4.4885110167432645,groceries,Bangalore,POS,0
4806,100176,2025-08-22 14:38:32,12857.03,2872.172666666667,4.4764126297885065,electronics,Bangalore,Online,0
4688,100059,2026-01-03 02:50:35,7215.52,1615.643947368421,4.466033504320503,electronics,Pune,Online,1
2191,100175,2026-01-11 19:34:04,9080.52,2034.2703225806454,4.463772537604829,fuel,Bangalore,Online,1
6890,100253,2026-01-10 04:21:58,8333.54,1873.0423333333335,4.4492000269792795,fuel,Mumbai,POS,1
7616,100042,2026-01-08 00:50:41,7516.59,1691.7597297297298,4.443060009000703,travel,Mumbai,POS,0
5756,100058,2025-12-15 01:25:30,7645.63,1720.9908823529413,4.442574378747947,fuel,Mumbai,Online,0
742,100227,2026-01-21 02:50:26,9916.36,2232.6594285714286,4.441501409977698,electronics,Ahmedabad,ATM,1
5160,100201,2025-12-15 03:04:39,12808.87,2890.4287878787877,4.431477451966601,travel,Ahmedabad,ATM,0
3285,100380,2025-06-03 04:50:23,7699.43,1739.9970588235294,4.424967249775609,groceries,Ahmedabad,Online,1
687,100365,2026-01-29 06:30:02,9583.88,2171.9578125,4.412553478176731,groceries,Ahmedabad,POS,1
4649,100080,2025-07-06 20:52:55,16809.74,3812.8927272727274,4.408657993382262,luxury,Bangalore,Online,1
1234,100330,2025-06-22 18:23:45,11556.75,2622.151935483871,4.40735330535582,crypto,Ahmedabad,POS,1
10119,100391,2025-11-01 12:29:04,7577.86,1724.4457692307692,4.394374201387781,groceries,Pune,POS,0
11562,100134,2025-06-09 18:34:08,13492.82,3073.615172413793,4.389885930125639,gambling,Ahmedabad,ATM,0
4257,100026,2025-07-26 05:00:52,11789.31,2688.4338235294117,4.385196279268216,fuel,Delhi,Online,1
1741,100398,2025-10-28 12:06:06,8927.38,2037.4296,4.381687593033889,luxury,Mumbai,ATM,1
2427,100170,2025-12-04 02:49:38,8665.85,1989.1228571428571,4.356618782435331,gambling,Bangalore,Online,0
7016,100048,2026-01-20 12:03:30,8351.91,1919.7187096774194,4.3505905098999715,groceries,Pune,Online,1
191,100385,2025-08-07 10:05:20,8015.86,1846.2706666666666,4.34164943673842,travel,Ahmedabad,ATM,0
1847,100319,2025-06-04 01:56:57,10001.06,2310.662307692308,4.328222244637817,crypto,Ahmedabad,POS,1
2973,100381,2025-08-25 17:50:22,8242.82,1914.7786842105263,4.304842156417967,electronics,Bangalore,POS,1
6491,100364,2025-12-15 14:10:39,7172.98,1670.2842424242424,4.294466664900803,groceries,Pune,ATM,0
5211,100081,2025-12-16 03:22:53,9663.29,2250.7004761904764,4.293458904116835,crypto,Pune,ATM,0
11832,100283,2025-08-30 05:03:03,7077.18,1652.1163157894737,4.283705652176268,electronics,Mumbai,Online,0
1002,100202,2025-07-18 18:28:39,10887.25,2561.7329629629626,4.24995507236927,electronics,Pune,ATM,1
8058,100197,2025-07-19 08:57:37,12005.32,2830.36,4.241622973755988,electronics,Ahmedabad,ATM,0
2088,100243,2025-12-10 00:04:27,10683.28,2528.6875,4.224832052200994,luxury,Ahmedabad,Online,1
5631,100114,2025-05-16 02:26:38,7973.0,1891.2093333333332,4.215820987911086,groceries,Ahmedabad,ATM,0
9767,100155,2025-11-06 11:43:28,11994.97,2847.9348,4.211813416515013,fuel,Pune,Online,0
465,100311,2026-01-23 22:33:53,8372.86,1988.4928571428572,4.210656311851403,electronics,Delhi,ATM,0
10930,100083,2025-10-06 07:35:43,9535.72,2269.681739130435,4.2013467507798445,luxury,Ahmedabad,POS,0
717,100361,2025-05-20 19:29:06,9710.61,2320.945833333333,4.183902037064631,fuel,Mumbai,ATM,0
7750,100192,2025-09-15 17:20:50,6919.23,1660.3971794871795,4.16721377600571,electronics,Pune,ATM,0
10642,100242,2025-12-08 14:36:30,11107.8,2676.886111111111,4.149522818282851,groceries,Bangalore,Online,1
975,100056,2026-01-18 06:46:23,14041.74,3385.5571875,4.147541814341306,travel,Delhi,Online,1
1229,100283,2025-10-30 14:29:57,6838.69,1652.1163157894737,4.139351409245111,gambling,Pune,Online,0
11252,100339,2025-06-05 21:52:30,8944.83,2161.6254166666668,4.138011114707084,luxury,Ahmedabad,Online,1
8687,100189,2025-10-23 03:09:27,7406.82,1794.828,4.126757550027078,groceries,Bangalore,POS,0
6021,100103,2025-05-11 11:16:39,8868.79,2150.3390625,4.124368177402256,electronics,Mumbai,ATM,1
8853,100325,2025-11-15 11:45:55,12156.72,2948.4262162162163,4.123121661698219,travel,Pune,Online,0
7945,100161,2025-07-03 13:03:31,15683.88,3808.682820512821,4.117927572107,groceries,Ahmedabad,POS,1
7511,100336,2025-11-08 06:00:44,9957.13,2418.766285714286,4.116615176426423,groceries,Bangalore,POS,0
8770,100373,2025-08-14 14:44:55,8508.68,2066.9526923076924,4.11653349961305,groceries,Ahmedabad,ATM,1
425,100400,2025-06-11 11:12:38,10435.09,2535.8712903225805,4.114991971328554,groceries,Delhi,POS,1
10218,100389,2025-10-28 11:58:21,8051.32,1959.315909090909,4.1092505617104305,electronics,Bangalore,ATM,0
1075,100335,2025-08-03 02:09:13,9507.23,2314.1116,4.108371437228869,groceries,Delhi,POS,1
393,100323,2025-06-21 18:02:02,10956.4,2668.736470588235,4.10546343588021,fuel,Pune,Online,1
6336,100363,2025-11-29 18:29:55,9430.88,2310.316538461538,4.082072669695778,fuel,Pune,POS,1
4711,100029,2025-10-02 10:01:07,8446.12,2073.432777777778,4.073495938967557,fuel,Bangalore,ATM,1
503,100189,2025-11-08 02:40:22,7272.64,1794.828,4.051998297329884,travel,Ahmedabad,Online,0
7569,100130,2025-09-18 12:27:53,7364.82,1818.775,4.049329906118128,groceries,Bangalore,Online,1
11843,100297,2025-08-05 13:50:14,11150.49,2754.147142857143,4.0486181099360286,groceries,Delhi,Online,1
9418,100276,2025-06-10 18:15:30,8712.36,2158.1664285714287,4.036926848948827,travel,Ahmedabad,Online,0
3608,100008,2025-05-22 02:04:29,10557.19,2616.370810810811,4.035051131276127,groceries,Delhi,ATM,1
5436,100119,2025-11-14 03:12:57,6606.35,1641.2412,4.02521579399786,luxury,Mumbai,Online,0
3399,100210,2025-05-27 06:44:02,9727.05,2419.310909090909,4.020587004113117,gambling,Delhi,Online,1
3903,100277,2025-11-12 07:07:27,9931.53,2470.5564516129034,4.019956716033021,fuel,Delhi,POS,0
11890,100184,2025-10-29 05:54:48,9036.29,2251.4928571428572,4.013465986060043,fuel,Pune,POS,0
4925,100102,2025-06-28 18:21:12,10266.29,2558.1384,4.013187871305165,groceries,Ahmedabad,Online,1
8262,100156,2025-09-19 20:49:58,8580.49,2138.076,4.013182880309213,crypto,Bangalore,ATM,0
572,100095,2025-12-28 08:21:27,11088.44,2764.2276923076925,4.0114061626894815,groceries,Pune,ATM,1
4598,100141,2025-09-21 00:39:18,11513.17,2873.466585365854,4.006717899082208,fuel,Mumbai,POS,1
2086,100131,2025-11-27 18:02:46,5140.84,1283.345357142857,4.0058118193883345,electronics,Pune,Online,0
11449,100089,2025-06-11 15:26:58,8018.85,2002.0588888888888,4.005301764350366,fuel,Delhi,POS,1
7714,100078,2026-01-25 14:36:10,9456.34,2363.2545833333334,4.001405547540283,fuel,Pune,ATM,1
2390,100263,2025-06-24 01:29:32,9054.82,2264.695625,3.998250316750623,fuel,Ahmedabad,Online,0
1036,100315,2026-01-14 07:50:05,9294.92,2327.6936,3.9931887942639874,groceries,Pune,Online,0
7248,100271,2025-08-06 13:19:52,6920.15,1733.3458333333335,3.9923654396723096,travel,Mumbai,ATM,0
3673,100279,2025-10-12 17:22:11,7919.71,1987.8419354838709,3.9840743162872365,groceries,Pune,POS,0
4481,100324,2025-07-13 15:45:12,10919.07,2740.7634375000002,3.983952007897434,electronics,Delhi,Online,1
9761,100111,2025-07-18 16:52:32,10868.91,2737.7528947368423,3.970011326038517,fuel,Pune,POS,0
5406,100075,2025-05-04 16:48:11,8217.32,2069.9721875,3.9697731445969002,luxury,Delhi,POS,1
6337,100283,2025-06-29 02:46:41,6549.92,1652.1163157894737,3.9645634737709625,travel,Pune,Online,0
216,100052,2025-12-02 19:07:46,10848.82,2738.2766666666666,3.961915219182868,travel,Pune,Online,0
1786,100237,2026-01-01 14:38:53,10075.12,2545.0764285714286,3.958670901547442,fuel,Delhi,POS,1
10579,100105,2025-12-03 01:14:25,7241.73,1830.243448275862,3.9567031406788544,fuel,Ahmedabad,Online,0
11042,100373,2026-01-03 15:51:56,8166.84,2066.9526923076924,3.9511499370031355,groceries,Pune,ATM,0
915,100095,2025-12-29 12:51:36,10891.36,2764.2276923076925,3.940109575744623,luxury,Mumbai,Online,0
11083,100210,2025-12-22 10:01:59,9520.48,2419.310909090909,3.9352031870833244,groceries,Mumbai,POS,1
3591,100333,2025-09-06 15:48:15,4929.23,1258.66,3.91625220472566,crypto,Bangalore,Online,0
3962,100123,2025-09-27 12:55:22,7001.5,1795.02,3.9005136433020247,electronics,Mumbai,POS,0
7851,100362,2025-08-04 05:39:23,9033.4,2319.022692307692,3.895347824738505,electronics,Bangalore,Online,1
4442,100193,2025-11-30 10:02:28,7572.63,1944.6039130434783,3.8941760577598346,fuel,Bangalore,Online,0
8992,100114,2025-09-19 12:58:16,7361.85,1891.2093333333332,3.892667971886772,groceries,Mumbai,Online,0
1035,100226,2025-12-10 18:49:52,9321.71,2394.9256410256407,3.8922753342804928,groceries,Mumbai,ATM,1
5382,100142,2025-12-25 02:35:50,7170.21,1842.8184210526317,3.8908933827046956,electronics,Pune,POS,1
693,100301,2025-11-14 12:15:46,7366.01,1896.5715384615385,3.8838556050330495,travel,Mumbai,Online,0
6304,100012,2025-09-09 00:00:58,7656.32,1988.2939999999999,3.8506981361911268,groceries,Bangalore,Online,0
10898,100133,2025-12-18 21:12:14,8203.96,2132.320740740741,3.8474324444970924,travel,Pune,Online,0
10031,100293,2025-10-19 08:30:14,8389.61,2183.201891891892,3.842800810661554,travel,Delhi,ATM,0
7949,100324,2025-08-07 15:42:37,10531.19,2740.7634375000002,3.8424293960977796,electronics,Mumbai,Online,1
3023,100192,2025-11-01 18:56:25,6363.23,1660.3971794871795,3.832354137077798,travel,Ahmedabad,ATM,0
178,100134,2025-06-28 20:37:05,11764.23,3073.615172413793,3.8274895652474386,electronics,Ahmedabad,POS,1
9172,100146,2025-08-01 03:48:59,7666.13,2003.45725,3.826450502000979,electronics,Mumbai,POS,1
2217,100325,2025-05-18 16:38:55,11254.45,2948.4262162162163,3.8171041683529383,luxury,Bangalore,ATM,1
6226,100239,2025-07-26 03:14:58,6321.43,1657.9976470588235,3.8126893673304014,luxury,Delhi,Online,0
7121,100318,2026-01-22 16:40:53,9191.59,2411.4436363636364,3.8116545049589305,groceries,Pune,ATM,0
11899,100050,2025-05-07 23:43:19,9820.73,2578.1678260869567,3.809189572777162,fuel,Bangalore,Online,0
9755,100236,2025-06-28 09:26:05,10065.82,2647.9975000000004,3.801295129621534,fuel,Pune,POS,0
7879,100242,2025-12-25 13:34:21,10175.16,2676.886111111111,3.8011180071372315,electronics,Mumbai,ATM,0
6803,100001,2025-06-10 23:01:33,9759.19,2572.2000000000003,3.794102324858098,travel,Ahmedabad,Online,0
2326,100267,2025-10-09 22:45:21,6978.4,1853.3857142857141,3.7652173242791185,fuel,Mumbai,ATM,0
5925,100090,2025-09-05 23:39:11,7389.04,1964.2058536585366,3.761846033722559,groceries,Mumbai,ATM,0
8572,100340,2025-08-25 23:46:50,11840.43,3151.5270588235294,3.7570453240595225,groceries,Ahmedabad,ATM,1
51,100388,2025-08-02 07:03:42,6932.02,1849.7923333333335,3.7474584984945154,electronics,Ahmedabad,ATM,0
10368,100360,2025-05-28 19:12:26,7797.71,2088.8382142857145,3.733036836778886,travel,Mumbai,Online,0
10693,100241,2025-07-20 04:06:01,14322.46,3839.03,3.7307496945843086,groceries,Mumbai,ATM,1
10413,100163,2025-06-23 12:06:44,9043.66,2425.9809677419357,3.7278363351785457,groceries,Ahmedabad,Online,0
3237,100066,2025-07-09 12:26:13,7872.3,2112.1119230769227,3.727217253019263,fuel,Delhi,Online,0
3083,100090,2025-09-28 17:54:55,7316.73,1964.2058536585366,3.725032173370135,fuel,Bangalore,Online,1
3037,100303,2025-07-09 11:03:34,5093.16,1367.4806666666666,3.724484099958025,luxury,Delhi,Online,0
8196,100007,2026-01-25 02:24:21,9389.23,2522.7853125,3.721771311049679,travel,Pune,POS,0
1692,100153,2025-10-25 19:46:02,6181.67,1671.0051851851852,3.699372123321647,luxury,Mumbai,Online,1
10272,100012,2025-10-01 09:05:58,7305.61,1988.2939999999999,3.674310740765702,groceries,Bangalore,Online,0
9588,100146,2026-01-13 04:02:06,7360.39,2003.45725,3.673844300895365,crypto,Delhi,POS,1
1502,100130,2025-09-14 21:02:41,6676.64,1818.775,3.6709543511429397,groceries,Delhi,Online,1
6482,100326,2025-11-19 21:21:50,8700.84,2370.865757575758,3.669899897199041,travel,Ahmedabad,POS,0
7821,100121,2025-06-06 06:16:28,6931.88,1892.448695652174,3.662915679524481,electronics,Mumbai,Online,0
2483,100042,2025-09-14 15:08:18,6187.54,1691.7597297297298,3.6574579068556634,electronics,Ahmedabad,ATM,0
8575,100252,2025-10-07 05:44:46,4470.3,1222.636,3.6562803647201623,fuel,Delhi,POS,0
6672,100018,2025-06-29 13:30:53,13457.54,3689.8828000000003,3.6471456491788845,groceries,Pune,POS,1
2845,100269,2025-07-27 02:47:44,9631.23,2643.477142857143,3.6433944685408934,groceries,Mumbai,ATM,1
11112,100308,2025-06-02 13:46:18,5785.38,1587.959,3.6432804625308335,luxury,Bangalore,ATM,1
7553,100115,2025-07-31 02:24:31,8293.89,2278.8113636363637,3.639568475191911,luxury,Ahmedabad,ATM,0
8261,100025,2025-07-10 20:49:22,9043.79,2486.0597560975607,3.6378007317878382,travel,Delhi,ATM,0
9494,100224,2025-05-13 12:40:26,8709.62,2394.7289655172412,3.636996138357894,groceries,Bangalore,Online,0
7412,100286,2025-09-06 06:01:38,9002.71,2478.360625,3.632526238993165,gambling,Delhi,Online,0
8760,100037,2025-08-11 12:55:00,7701.23,2128.4029166666664,3.6183139666342155,gambling,Delhi,Online,0
10787,100172,2025-11-06 18:02:22,8401.61,2324.966363636364,3.613647978484928,crypto,Mumbai,Online,0
9378,100216,2025-07-14 21:19:32,9897.23,2743.054871794872,3.608105000657137,groceries,Pune,Online,1
9653,100136,2025-08-06 08:22:01,8484.45,2354.2268000000004,3.6039221030021404,electronics,Bangalore,Online,0
10263,100152,2025-05-20 22:59:09,7740.71,2153.9469444444444,3.593732900415761,travel,Mumbai,Online,0
257,100097,2025-07-27 15:27:49,10822.22,3014.4575,3.5901053506310836,groceries,Delhi,Online,1
5929,100337,2025-08-25 20:13:32,8800.96,2452.3141860465116,3.5888386773916725,fuel,Ahmedabad,ATM,1
10655,100015,2025-06-09 06:28:50,5312.24,1482.77375,3.5826369329778056,groceries,Pune,Online,1
9945,100086,2025-07-09 00:09:50,9604.48,2694.887,3.5639639064643522,travel,Pune,ATM,0
4758,100322,2026-01-01 17:40:22,10898.93,3058.49625,3.5634930073888436,groceries,Ahmedabad,Online,0
9856,100206,2025-08-27 18:14:57,10163.27,2852.620322580645,3.562783984798131,gambling,Ahmedabad,POS,0
379,100099,2025-06-04 08:33:01,7289.95,2047.1305405405406,3.5610577125555967,fuel,Ahmedabad,Online,0
837,100001,2025-11-15 02:47:29,9156.62,2572.2000000000003,3.5598398258300286,groceries,Pune,Online,0
2313,100089,2025-08-18 00:57:09,7122.6,2002.0588888888888,3.55763760972732,travel,Mumbai,Online,0
4086,100364,2025-06-12 16:06:51,5937.52,1670.2842424242424,3.554796153367473,groceries,Bangalore,Online,0
7517,100154,2026-01-21 08:09:40,9746.64,2743.6277777777777,3.5524643973004113,electronics,Pune,ATM,0
11004,100328,2025-06-16 20:11:33,7656.33,2160.8391176470586,3.543220750435595,groceries,Pune,Online,1
9358,100175,2025-05-26 18:06:58,7202.17,2034.2703225806454,3.5404193435135176,groceries,Pune,Online,1
5105,100224,2026-01-17 18:58:53,8468.94,2394.7289655172412,3.5364920715237522,groceries,Delhi,Online,0
2116,100335,2025-12-27 19:09:12,8172.67,2314.1116,3.5316663206735575,travel,Pune,Online,1
11225,100196,2025-05-20 17:34:59,7944.25,2249.9587500000002,3.5308425098904586,crypto,Ahmedabad,POS,0
11799,100289,2025-06-23 02:21:17,8190.76,2326.661315789474,3.5203920503662745,fuel,Bangalore,POS,1
324,100169,2025-07-03 05:30:14,6231.56,1770.757931034483,3.519148434003908,groceries,Pune,POS,1
7256,100047,2025-12-19 02:16:53,9126.06,2593.627179487179,3.518647580568783,electronics,Pune,ATM,1
5214,100178,2026-01-22 22:55:10,7734.4,2200.7459999999996,3.5144446474059254,electronics,Mumbai,Online,0
9471,100092,2025-06-28 00:29:20,7835.11,2230.4926470588234,3.512726217829746,travel,Bangalore,ATM,1
8073,100071,2025-10-29 10:43:31,5465.02,1558.0445454545456,3.507614731519521,groceries,Mumbai,POS,1
554,100152,2025-11-23 13:42:41,7542.41,2153.9469444444444,3.5016693514451314,groceries,Ahmedabad,POS,0
1844,100074,2025-11-29 11:16:44,5544.68,1584.3024137931034,3.4997611262391786,electronics,Mumbai,ATM,0
6384,100332,2025-09-10 05:31:53,6778.77,1937.8816,3.4980310458595616,groceries,Mumbai,POS,0
11823,100125,2025-12-18 10:05:28,11548.49,3309.6275,3.4893624735714215,travel,Bangalore,POS,0
780,100212,2025-12-12 20:16:18,6095.36,1747.5122222222221,3.4880213840500875,electronics,Ahmedabad,Online,0
10229,100270,2025-07-18 08:31:15,8797.89,2522.3703333333333,3.487945399505835,fuel,Delhi,Online,0
3500,100174,2025-10-06 21:10:05,12735.91,3656.0038888888894,3.483560298911668,travel,Delhi,Online,1
5085,100086,2026-01-12 04:27:25,9387.19,2694.887,3.4833334384707038,travel,Bangalore,Online,0
788,100082,2025-10-12 10:05:18,7040.71,2023.8526470588238,3.478864931314024,fuel,Delhi,ATM,0
5513,100266,2025-12-05 23:57:18,10557.52,3035.7426666666665,3.477738780669596,crypto,Delhi,POS,0
5288,100140,2025-06-11 18:40:14,10792.51,3108.264545454546,3.472198019883062,fuel,Delhi,Online,0
6323,100296,2026-01-06 13:54:20,11524.61,3326.218148148148,3.4647787627568136,groceries,Mumbai,Online,0
4859,100275,2026-01-22 18:17:55,10222.46,2953.30875,3.4613583832032457,travel,Ahmedabad,ATM,0
9187,100051,2025-10-03 22:02:54,7886.2,2282.79,3.4546322701606367,groceries,Pune,POS,1
2025,100009,2025-12-09 11:41:55,6491.17,1880.1772413793103,3.4524245146367347,travel,Ahmedabad,ATM,0
1042,100277,2025-07-23 09:12:32,8503.09,2470.5564516129034,3.4417711825401747,groceries,Bangalore,Online,1
10300,100321,2026-01-02 10:59:05,5825.1,1697.7461764705884,3.431078261716182,travel,Delhi,POS,0
8018,100228,2025-10-23 19:47:28,5583.97,1629.3557142857142,3.4271030880742526,fuel,Delhi,ATM,0
10817,100077,2025-06-27 17:15:02,6266.61,1829.4451724137932,3.4254155819995167,fuel,Delhi,Online,0
3968,100162,2025-12-10 13:18:13,6718.16,1965.4827586206898,3.4180711942314774,groceries,Bangalore,POS,1
3230,100270,2025-06-30 10:13:01,8616.23,2522.3703333333333,3.4159258401257757,travel,Delhi,ATM,1
6701,100155,2025-09-08 20:12:22,9718.04,2847.9348,3.4123112649910388,groceries,Delhi,Online,1
10028,100179,2026-01-05 15:26:35,10286.92,3017.1983333333333,3.409427841170534,groceries,Mumbai,POS,1
5870,100037,2026-01-12 15:04:54,7249.69,2128.4029166666664,3.406164285545089,luxury,Bangalore,Online,1
5952,100005,2025-09-01 13:05:38,8923.34,2620.5766666666664,3.4051054920481882,travel,Bangalore,ATM,1
9419,100158,2025-10-03 16:14:29,5904.68,1735.3509090909092,3.4025855918059014,fuel,Mumbai,Online,0
10788,100358,2025-11-17 05:44:37,5765.36,1698.5220833333333,3.394339147293002,fuel,Ahmedabad,POS,1
5194,100054,2025-11-02 19:10:17,6638.04,1966.6,3.375388996237161,luxury,Ahmedabad,ATM,0
3949,100260,2025-10-08 21:01:51,6593.93,1960.4962857142855,3.363398364000253,fuel,Bangalore,POS,0
5057,100007,2025-07-04 09:04:03,8453.68,2522.7853125,3.350931194229394,groceries,Mumbai,POS,0
1430,100256,2025-05-09 18:18:38,5887.72,1757.4125000000001,3.3502208502557025,groceries,Bangalore,Online,0
4787,100098,2025-11-09 11:13:54,7366.68,2201.4021875,3.346358081149132,fuel,Delhi,Online,0
7267,100034,2025-08-22 15:20:25,7518.9,2250.518260869565,3.340963781868988,travel,Mumbai,Online,0
1147,100286,2025-06-25 14:54:31,8277.44,2478.360625,3.3398852114187383,crypto,Mumbai,Online,1
9236,100024,2026-01-14 07:01:19,9405.59,2816.9385,3.3389404845011703,groceries,Mumbai,POS,1
10577,100138,2025-12-17 21:40:25,6011.14,1803.0066666666667,3.3339532854380276,travel,Mumbai,POS,0
8298,100211,2025-11-06 23:54:56,5983.56,1795.3799999999999,3.3327540687765267,fuel,Pune,Online,0
9249,100330,2026-01-25 05:00:34,8724.12,2622.151935483871,3.327084095296759,electronics,Pune,Online,0
10434,100056,2025-05-09 10:35:21,11263.48,3385.5571875,3.3269206148950925,electronics,Ahmedabad,Online,0
6778,100392,2025-08-07 21:39:51,7619.53,2290.3332,3.326821617046812,luxury,Mumbai,POS,0
5473,100072,2025-08-01 16:43:28,9244.67,2779.711875,3.3257655525898704,fuel,Mumbai,ATM,0
6911,100214,2025-09-29 16:27:38,6364.56,1915.3236170212767,3.322968475634527,luxury,Ahmedabad,Online,0
11804,100344,2025-08-17 15:27:08,7642.07,2302.704516129032,3.318736705674562,fuel,Ahmedabad,Online,0
4368,100088,2025-08-20 14:31:48,7136.98,2150.6284615384616,3.3185555420830473,luxury,Bangalore,ATM,0
6553,100396,2025-11-09 08:12:38,7747.46,2336.96,3.315187251814323,luxury,Ahmedabad,Online,1
4685,100069,2025-09-02 18:09:21,7053.64,2128.7050000000004,3.3135826711545278,luxury,Mumbai,Online,0
2778,100200,2026-01-08 20:43:58,8758.95,2647.0738461538463,3.3089178878506194,travel,Pune,Online,0
1778,100115,2025-11-27 14:31:15,7532.35,2278.8113636363637,3.3053854830618437,luxury,Mumbai,Online,0
9229,100012,2025-07-28 11:02:36,6561.77,1988.2939999999999,3.3002010769031145,groceries,Mumbai,Online,0
8782,100221,2025-07-05 08:06:39,10175.04,3088.7930769230766,3.294179877577277,groceries,Pune,Online,0
1319,100370,2025-09-13 01:23:31,8632.83,2622.105,3.2923281104303603,crypto,Delhi,Online,0
2011,100194,2025-10-03 12:16:12,8259.63,2511.2844,3.289006215305602,groceries,Delhi,POS,1
296,100233,2026-01-13 23:16:26,7243.64,2203.4331034482757,3.2874335910920203,fuel,Mumbai,POS,1
5709,100139,2025-07-31 16:40:33,8576.31,2609.4049999999997,3.28669179372309,fuel,Pune,POS,0
1686,100302,2025-12-22 23:27:28,5994.03,1824.7502777777777,3.2848494794036505,luxury,Delhi,Online,0
9191,100141,2025-10-22 12:18:27,9413.31,2873.466585365854,3.275942044337879,crypto,Bangalore,POS,0
11335,100207,2025-05-20 11:19:18,4734.34,1445.2942307692308,3.2756928653069046,groceries,Delhi,Online,0
860,100222,2026-01-06 03:28:43,5877.73,1795.2211538461538,3.2740980059238467,fuel,Pune,Online,0
3929,100399,2025-07-01 09:25:14,6787.32,2073.9644444444443,3.272630839058636,fuel,Ahmedabad,ATM,0
6033,100171,2025-06-14 15:14:24,6464.95,1986.265806451613,3.2548262065435156,luxury,Mumbai,POS,0
5595,100208,2025-05-18 12:50:45,8177.78,2512.6686111111107,3.2546193970178012,electronics,Pune,POS,0
10116,100024,2026-01-04 15:35:15,9163.29,2816.9385,3.2529251171085205,fuel,Mumbai,ATM,0
4743,100280,2025-11-09 20:59:01,7619.1,2343.5476666666664,3.2510966635626364,travel,Delhi,POS,0
11187,100026,2025-06-02 23:52:16,8731.78,2688.4338235294117,3.2479058712841233,travel,Ahmedabad,POS,0
5884,100267,2025-07-08 18:07:36,6016.88,1853.3857142857141,3.2464262315299415,fuel,Delhi,Online,1
3819,100101,2025-10-27 21:47:08,6241.91,1924.4810810810811,3.243424973808313,fuel,Ahmedabad,POS,1
7319,100363,2025-08-27 02:41:15,7475.13,2310.316538461538,3.2355436476153874,electronics,Delhi,POS,0
5984,100065,2025-09-25 11:28:20,5604.23,1733.177741935484,3.233499868133324,groceries,Ahmedabad,POS,0
1177,100104,2026-01-12 20:37:19,5698.42,1764.7136842105263,3.2290903906880977,fuel,Mumbai,Online,0
6667,100066,2025-10-13 23:43:43,6817.36,2112.1119230769227,3.227745615899216,travel,Ahmedabad,ATM,1
4947,100277,2025-12-09 07:29:25,7973.62,2470.5564516129034,3.2274591397393166,gambling,Ahmedabad,Online,1
10823,100205,2025-12-25 23:58:33,6077.6,1889.0012,3.2173616406384498,fuel,Bangalore,ATM,0
4814,100244,2025-07-20 05:41:05,6134.98,1908.9833333333333,3.2137420441945537,fuel,Ahmedabad,Online,0
3189,100005,2025-11-12 14:43:32,8397.63,2620.5766666666664,3.2044969745844747,groceries,Pune,ATM,0
8440,100179,2025-12-28 04:04:08,9648.1,3017.1983333333333,3.19770162054312,fuel,Mumbai,POS,0
11530,100158,2025-09-10 12:38:22,5546.26,1735.3509090909092,3.1960452326644964,groceries,Mumbai,Online,1
9000,100020,2025-08-14 23:55:16,6585.05,2061.524838709677,3.1942617796066086,groceries,Mumbai,ATM,0
9496,100398,2025-11-14 05:21:18,6481.65,2037.4296,3.181287834436095,crypto,Delhi,POS,1
3077,100049,2026-01-09 20:29:18,7717.78,2427.931578947368,3.17874690824115,crypto,Pune,ATM,0
8540,100327,2026-01-06 05:23:24,6226.78,1963.4340625,3.1713720969430312,groceries,Pune,Online,0
7561,100032,2025-11-02 15:31:14,7268.88,2294.5531818181817,3.1678847357289013,groceries,Pune,POS,0
4410,100117,2025-12-11 09:36:25,8474.31,2676.440625,3.166261160753379,electronics,Delhi,ATM,0
7806,100169,2025-05-05 22:10:48,5605.55,1770.757931034483,3.16562185138723,fuel,Ahmedabad,POS,0
7820,100214,2025-08-21 12:16:10,6062.77,1915.3236170212767,3.165402413524696,travel,Mumbai,Online,0
9285,100017,2025-05-07 19:42:18,7827.22,2472.787058823529,3.1653433206351114,fuel,Pune,Online,1
1151,100005,2025-10-15 17:01:45,8288.99,2620.5766666666664,3.1630404503843303,groceries,Mumbai,ATM,1
5607,100387,2026-01-01 09:10:01,7629.08,2416.236590909091,3.157422592102049,groceries,Mumbai,Online,1
9763,100236,2025-05-23 19:19:58,8353.11,2647.9975000000004,3.1545007123307327,fuel,Bangalore,Online,0
5441,100373,2025-11-03 07:11:11,6516.81,2066.9526923076924,3.152858807196101,travel,Pune,Online,0
9151,100353,2025-10-12 06:41:41,5815.22,1845.0585714285714,3.151780702277357,fuel,Ahmedabad,Online,0
3779,100309,2026-01-03 16:24:37,13692.09,4351.295833333334,3.1466695266065376,gambling,Ahmedabad,POS,1
319,100338,2025-12-01 01:27:32,5814.09,1852.80775,3.137988817242372,electronics,Mumbai,ATM,0
3572,100233,2025-11-05 01:33:56,6909.22,2203.4331034482757,3.135661341017059,groceries,Pune,POS,0
10573,100271,2025-07-24 08:18:32,5431.06,1733.3458333333335,3.1332812503755982,travel,Pune,Online,0
11356,100021,2026-01-08 00:11:49,8498.33,2726.184193548387,3.1172985376819375,travel,Bangalore,Online,0
9032,100393,2025-12-11 12:45:08,7121.95,2285.586216216216,3.1160277172962547,groceries,Mumbai,Online,1
4172,100017,2025-05-06 02:41:41,7690.24,2472.787058823529,3.1099483364567444,crypto,Mumbai,Online,0
1358,100132,2025-10-03 15:21:00,5649.9,1821.7320689655173,3.1013891099849458,electronics,Pune,ATM,0
421,100173,2025-08-12 00:35:59,9630.34,3108.6467567567565,3.0979203343281467,luxury,Pune,Online,1
8370,100342,2025-12-13 18:48:48,5786.65,1870.397741935484,3.0938071995382037,groceries,Bangalore,Online,0
4771,100100,2025-11-01 01:11:11,9249.13,2990.8806451612904,3.092443697130956,groceries,Pune,POS,0
8962,100171,2025-07-05 11:25:23,6138.85,1986.265806451613,3.09064878429681,crypto,Mumbai,POS,0
6932,100301,2025-06-24 17:45:29,5856.74,1896.5715384615385,3.0880670099852243,crypto,Ahmedabad,Online,0
6901,100126,2025-05-28 01:41:16,5227.99,1694.8790625,3.084579965421574,groceries,Pune,Online,0
2083,100312,2025-11-01 00:00:18,7071.39,2292.593636363636,3.0844498073440447,electronics,Ahmedabad,ATM,0
2808,100261,2025-10-09 10:40:29,9168.39,2973.3404347826086,3.0835318730229195,fuel,Mumbai,POS,1
1269,100214,2025-11-02 18:15:11,5903.2,1915.3236170212767,3.0820901217626573,fuel,Delhi,ATM,0
622,100368,2025-08-24 09:14:19,6452.52,2095.288076923077,3.0795383561173617,groceries,Bangalore,ATM,0
5760,100247,2025-10-18 14:21:45,5235.4,1701.0065714285713,3.077824676246317,luxury,Mumbai,Online,0
4250,100278,2025-07-02 11:09:10,6864.02,2230.154857142857,3.0778221422676353,electronics,Delhi,Online,0
1801,100045,2025-07-27 15:18:07,7227.92,2349.028076923077,3.07698323021649,groceries,Pune,Online,0
7072,100268,2025-10-19 00:05:25,11488.91,3736.195277777778,3.0750293134660236,fuel,Ahmedabad,POS,0
2750,100221,2025-09-01 12:06:56,9490.51,3088.7930769230766,3.072562571738875,electronics,Pune,POS,0
6528,100207,2025-11-13 14:49:31,4430.5,1445.2942307692308,3.0654657755341272,travel,Bangalore,POS,0
10021,100221,2025-06-12 01:45:23,9465.81,3088.7930769230766,3.0645659208189606,electronics,Mumbai,Online,1
7171,100166,2025-08-08 15:44:06,8233.67,2692.32,3.058206305342604,fuel,Bangalore,Online,0
7798,100014,2025-09-22 02:43:44,5953.22,1947.5673333333334,3.0567466901443887,groceries,Delhi,Online,0
1422,100234,2025-05-31 02:23:51,6667.86,2183.468636363636,3.053792433265586,fuel,Delhi,POS,1
5309,100356,2025-05-12 00:12:14,6625.75,2171.943870967742,3.0506083000422097,groceries,Mumbai,Online,0
8215,100193,2025-05-10 20:53:36,5930.07,1944.6039130434783,3.0495001888168125,groceries,Pune,POS,0
4441,100378,2026-01-08 04:55:04,4186.29,1373.3228125,3.048292769839939,travel,Delhi,POS,0
3031,100146,2025-11-16 16:42:39,6091.07,2003.45725,3.0402794968547493,crypto,Pune,ATM,0
2304,100082,2025-08-06 18:41:13,6151.54,2023.8526470588238,3.039519704628577,fuel,Bangalore,Online,1
9404,100227,2025-06-25 18:42:06,6780.96,2232.6594285714286,3.0371672066163757,travel,Mumbai,Online,0
11460,100219,2025-10-10 06:11:23,4707.19,1553.9116666666666,3.0292519845079138,luxury,Ahmedabad,POS,0
2519,100215,2025-11-11 20:56:32,9052.98,2990.9344444444446,3.0268065610115897,groceries,Pune,POS,0
4261,100339,2025-08-10 09:32:26,6541.62,2161.6254166666668,3.026250500925133,groceries,Pune,Online,1
4091,100201,2025-07-05 04:18:54,8740.05,2890.4287878787877,3.023790116072744,groceries,Bangalore,POS,1
11661,100142,2025-12-22 03:06:35,5558.95,1842.8184210526317,3.0165478793210054,fuel,Mumbai,ATM,0
6058,100106,2025-09-10 09:33:56,6133.32,2034.0794999999998,3.0152803762094846,travel,Bangalore,POS,0
10278,100057,2025-06-17 04:26:59,8282.52,2746.898275862069,3.0152263273748887,groceries,Delhi,ATM,0
6246,100106,2025-05-22 09:53:25,6131.8,2034.0794999999998,3.014533109448279,fuel,Bangalore,POS,0
9718,100336,2025-08-21 02:08:09,7284.91,2418.766285714286,3.011828816626941,fuel,Bangalore,ATM,0
7234,100317,2025-12-17 05:35:16,7612.95,2531.5916666666667,3.007179277858791,crypto,Bangalore,Online,0
9126,100188,2026-01-25 06:58:47,5867.54,1952.0763043478262,3.005794387714931,groceries,Ahmedabad,Online,0
9299,100069,2025-05-05 21:57:10,6394.42,2128.7050000000004,3.00390143303088,electronics,Bangalore,Online,0
